name,email,phone_no
John Snow,johnsnow98@gmail.com,84295
Clair White,white798@gmail.com,78845l15
Fancy Brown,fancyk898@gmail.com,67121231
Milan srivastava,milan@gmail.com,7878787877
vinod singh,vinod@hii,78454545
rahul ji,rahul@gmail.com,15544545